<CodeStyleSettings>
  <CSharp>
    <FormatSettings>
      <ANONYMOUS_METHOD_DECLARATION_BRACES>NEXT_LINE</ANONYMOUS_METHOD_DECLARATION_BRACES>
      <BLANK_LINES_AROUND_SINGLE_LINE_INVOCABLE>1</BLANK_LINES_AROUND_SINGLE_LINE_INVOCABLE>
      <BLANK_LINES_BETWEEN_USING_GROUPS>1</BLANK_LINES_BETWEEN_USING_GROUPS>
      <CASE_BLOCK_BRACES>NEXT_LINE</CASE_BLOCK_BRACES>
      <FORCE_ATTRIBUTE_STYLE>SEPARATE</FORCE_ATTRIBUTE_STYLE>
      <FORCE_FIXED_BRACES_STYLE>ALWAYS_ADD</FORCE_FIXED_BRACES_STYLE>
      <FORCE_FOR_BRACES_STYLE>ALWAYS_ADD</FORCE_FOR_BRACES_STYLE>
      <FORCE_FOREACH_BRACES_STYLE>ALWAYS_ADD</FORCE_FOREACH_BRACES_STYLE>
      <FORCE_IFELSE_BRACES_STYLE>ONLY_FOR_MULTILINE</FORCE_IFELSE_BRACES_STYLE>
      <FORCE_USING_BRACES_STYLE>ALWAYS_ADD</FORCE_USING_BRACES_STYLE>
      <FORCE_WHILE_BRACES_STYLE>ALWAYS_ADD</FORCE_WHILE_BRACES_STYLE>
      <INDENT_ANONYMOUS_METHOD_BLOCK>False</INDENT_ANONYMOUS_METHOD_BLOCK>
      <INDENT_EMBRACED_INITIALIZER_BLOCK>False</INDENT_EMBRACED_INITIALIZER_BLOCK>
      <INITIALIZER_BRACES>NEXT_LINE</INITIALIZER_BRACES>
      <KEEP_BLANK_LINES_IN_CODE>1</KEEP_BLANK_LINES_IN_CODE>
      <KEEP_BLANK_LINES_IN_DECLARATIONS>1</KEEP_BLANK_LINES_IN_DECLARATIONS>
      <MODIFIERS_ORDER IsNull="False">
        <Item>public</Item>
        <Item>protected</Item>
        <Item>internal</Item>
        <Item>private</Item>
        <Item>static</Item>
        <Item>new</Item>
        <Item>abstract</Item>
        <Item>virtual</Item>
        <Item>override</Item>
        <Item>sealed</Item>
        <Item>readonly</Item>
        <Item>extern</Item>
        <Item>unsafe</Item>
        <Item>volatile</Item>
      </MODIFIERS_ORDER>
      <PLACE_FIELD_ATTRIBUTE_ON_SAME_LINE>False</PLACE_FIELD_ATTRIBUTE_ON_SAME_LINE>
      <SPACE_AFTER_TYPECAST_PARENTHESES>False</SPACE_AFTER_TYPECAST_PARENTHESES>
      <SPACE_BEFORE_SIZEOF_PARENTHESES>False</SPACE_BEFORE_SIZEOF_PARENTHESES>
      <SPACE_BEFORE_TYPEOF_PARENTHESES>False</SPACE_BEFORE_TYPEOF_PARENTHESES>
      <SPACE_WITHIN_SINGLE_LINE_ARRAY_INITIALIZER_BRACES>True</SPACE_WITHIN_SINGLE_LINE_ARRAY_INITIALIZER_BRACES>
      <STICK_COMMENT>False</STICK_COMMENT>
    </FormatSettings>
    <UsingsSettings>
      <AddImportsToDeepestScope>True</AddImportsToDeepestScope>
      <QualifiedUsingAtNestedScope>True</QualifiedUsingAtNestedScope>
    </UsingsSettings>
    <Naming2>
      <EventHandlerPatternLong>$object$_On$event$</EventHandlerPatternLong>
      <EventHandlerPatternShort>$event$Handler</EventHandlerPatternShort>
      <PredefinedRule Inspect="True" Prefix="" Suffix="" Style="AaBb" ElementKind="TypesAndNamespaces" />
      <PredefinedRule Inspect="True" Prefix="I" Suffix="" Style="AaBb" ElementKind="Interfaces" />
      <PredefinedRule Inspect="True" Prefix="T" Suffix="" Style="AaBb" ElementKind="TypeParameters" />
      <PredefinedRule Inspect="True" Prefix="" Suffix="" Style="AaBb" ElementKind="MethodPropertyEvent" />
      <PredefinedRule Inspect="True" Prefix="" Suffix="" Style="aaBb" ElementKind="Locals" />
      <PredefinedRule Inspect="True" Prefix="" Suffix="" Style="aaBb" ElementKind="LocalConstants" />
      <PredefinedRule Inspect="True" Prefix="" Suffix="" Style="aaBb" ElementKind="Parameters" />
      <PredefinedRule Inspect="True" Prefix="" Suffix="" Style="AaBb" ElementKind="PublicFields" />
      <PredefinedRule Inspect="True" Prefix="_" Suffix="" Style="aaBb" ElementKind="PrivateInstanceFields" />
      <PredefinedRule Inspect="True" Prefix="_" Suffix="" Style="aaBb" ElementKind="PrivateStaticFields" />
      <PredefinedRule Inspect="True" Prefix="" Suffix="" Style="AaBb" ElementKind="Constants" />
      <PredefinedRule Inspect="True" Prefix="" Suffix="" Style="AaBb" ElementKind="PrivateConstants" />
      <PredefinedRule Inspect="True" Prefix="" Suffix="" Style="AaBb" ElementKind="StaticReadonly" />
      <PredefinedRule Inspect="True" Prefix="" Suffix="" Style="AaBb" ElementKind="PrivateStaticReadonly" />
      <PredefinedRule Inspect="True" Prefix="" Suffix="" Style="AaBb" ElementKind="EnumMember" />
      <PredefinedRule Inspect="True" Prefix="" Suffix="" Style="AaBb" ElementKind="Other" />
    </Naming2>
    <CustomMemberReorderingPatterns><![CDATA[<?xml version="1.0" encoding="utf-8" ?>

<!--
I. Overall

I.1 Each pattern can have <Match>....</Match> element. For the given type declaration, the pattern with the match, evaluated to 'true' with the largest weight, will be used 
I.2 Each pattern consists of the sequence of <Entry>...</Entry> elements. Type member declarations are distributed between entries
I.3 If pattern has RemoveAllRegions="true" attribute, then all regions will be cleared prior to reordering. Otherwise, only auto-generated regions will be cleared
I.4 The contents of each entry is sorted by given keys (First key is primary,  next key is secondary, etc). Then the declarations are grouped and en-regioned by given property

II. Available match operands

Each operand may have Weight="..." attribute. This weight will be added to the match weight if the operand is evaluated to 'true'.
The default weight is 1

II.1 Boolean functions:
II.1.1 <And>....</And>
II.1.2 <Or>....</Or>
II.1.3 <Not>....</Not>

II.2 Operands
II.2.1 <Kind Is="..."/>. Kinds are: class, struct, interface, enum, delegate, type, constructor, destructor, property, indexer, method, operator, field, constant, event, member
II.2.2 <Name Is="..." [IgnoreCase="true/false"] />. The 'Is' attribute contains regular expression
II.2.3 <HasAttribute CLRName="..." [Inherit="true/false"] />. The 'CLRName' attribute contains regular expression
II.2.4 <Access Is="..."/>. The 'Is' values are: public, protected, internal, protected internal, private
II.2.5 <Static/>
II.2.6 <Abstract/>
II.2.7 <Virtual/>
II.2.8 <Override/>
II.2.9 <Sealed/>
II.2.10 <Readonly/>
II.2.11 <ImplementsInterface CLRName="..."/>. The 'CLRName' attribute contains regular expression
II.2.12 <HandlesEvent />
-->

<Patterns xmlns="urn:shemas-jetbrains-com:member-reordering-patterns">

  <!--Do not reorder COM interfaces and structs marked by StructLayout attribute-->
  <Pattern>
    <Match>
      <Or Weight="100">
        <And>
          <Kind Is="interface"/>
          <Or>
            <HasAttribute CLRName="System.Runtime.InteropServices.InterfaceTypeAttribute"/>
            <HasAttribute CLRName="System.Runtime.InteropServices.ComImport"/>
          </Or>
        </And>
        <HasAttribute CLRName="System.Runtime.InteropServices.StructLayoutAttribute"/>
      </Or>
    </Match>
  </Pattern>

  <!--Special formatting of NUnit test fixture-->
  <Pattern RemoveAllRegions="true">
    <Match>
      <And Weight="100">
        <Kind Is="class"/>
        <HasAttribute CLRName="NUnit.Framework.TestFixtureAttribute" Inherit="true"/>
      </And>
    </Match>

    <!--Setup/Teardow-->
    <Entry>
      <Match>
        <And>
          <Kind Is="method"/>
          <Or>
            <HasAttribute CLRName="NUnit.Framework.SetUpAttribute" Inherit="true"/>
            <HasAttribute CLRName="NUnit.Framework.TearDownAttribute" Inherit="true"/>
            <HasAttribute CLRName="NUnit.Framework.FixtureSetUpAttribute" Inherit="true"/>
            <HasAttribute CLRName="NUnit.Framework.FixtureTearDownAttribute" Inherit="true"/>
          </Or>
        </And>
      </Match>
      <Group Region="Setup/Teardown"/>
    </Entry>
    
    <!--All other members-->
    <Entry/>
    
    <!--Test methods-->
    <Entry>
      <Match>
        <And Weight="100">
          <Kind Is="method"/>
          <HasAttribute CLRName="NUnit.Framework.TestAttribute" Inherit="false"/>
        </And>
      </Match>
      <Sort>
        <Name/>
      </Sort>
    </Entry>
  </Pattern>

  <!--Default pattern-->
  <Pattern>
	<!--according to http://castleproject.org/community/codingstandards.html-->

    <!--fields and constants-->
    <Entry>
      <Match>
        <Or>
          <Kind Is="constant"/>
          <Kind Is="field"/>
        </Or>
      </Match>
      <Sort>
        <Kind Order="constant field"/>
        <Static/>
        <Readonly/>
        <Name/>
      </Sort>
    </Entry>

    <!--Constructors. Place static one first-->
    <Entry>
      <Match>
        <Kind Is="constructor"/>
      </Match>
      <Sort>
        <Static/>
      </Sort>
    </Entry>
    
    <!--properties, indexers-->
    <Entry>
      <Match>
        <Or>
          <Kind Is="property"/>
          <Kind Is="indexer"/>
        </Or>
      </Match>
    </Entry>
    
    <!--interface implementations-->
    <Entry>
      <Match>
        <And Weight="100">
          <Kind Is="member"/>
          <ImplementsInterface/>
        </And>
      </Match>
      <Sort>
        <ImplementsInterface Immediate="true"/>
      </Sort>
      <Group>
        <ImplementsInterface Immediate="true" Region="${ImplementsInterface} Members"/>
      </Group>
    </Entry>
    
    <!--all other members-->
    <Entry/>	
	
    <!--public delegate-->
    <Entry>
      <Match>
        <And Weight="100">
          <Access Is="public"/>
          <Kind Is="delegate"/>
        </And>
      </Match>
      <Sort>
        <Name/>
      </Sort>
      <Group Region="Delegates"/>
    </Entry>
    
    <!--public enum-->
    <Entry>
      <Match>
        <And Weight="100">
          <Access Is="public"/>
          <Kind Is="enum"/>
        </And>
      </Match>
      <Sort>
        <Name/>
      </Sort>
      <Group>
        <Name Region="${Name} enum"/>
      </Group>
    </Entry>

    
    <!--nested types-->
    <Entry>
      <Match>
        <Kind Is="type"/>
      </Match>
      <Sort>
        <Name/>
      </Sort>
      <Group>
        <Name Region="Nested type: ${Name}"/>
      </Group>
    </Entry>
  </Pattern>
  
</Patterns>
]]></CustomMemberReorderingPatterns>
  </CSharp>
  <VB>
    <FormatSettings />
    <ImportsSettings />
    <Naming2>
      <EventHandlerPatternLong>$object$_On$event$</EventHandlerPatternLong>
      <EventHandlerPatternShort>$event$Handler</EventHandlerPatternShort>
    </Naming2>
  </VB>
  <Web>
    <Naming2 />
  </Web>
  <Xaml>
    <Naming2 />
  </Xaml>
  <XML>
    <FormatSettings />
  </XML>
  <FileHeader><![CDATA[// Copyright 2004-2010 Castle Project - http://www.castleproject.org/
// 
// Licensed under the Apache License, Version 2.0 (the "License");
// you may not use this file except in compliance with the License.
// You may obtain a copy of the License at
// 
//     http://www.apache.org/licenses/LICENSE-2.0
// 
// Unless required by applicable law or agreed to in writing, software
// distributed under the License is distributed on an "AS IS" BASIS,
// WITHOUT WARRANTIES OR CONDITIONS OF ANY KIND, either express or implied.
// See the License for the specific language governing permissions and
// limitations under the License.
]]></FileHeader>
  <GenerateMemberBody />
  <Naming2>
    <EventHandlerPatternLong>$object$_On$event$</EventHandlerPatternLong>
    <EventHandlerPatternShort>$event$Handler</EventHandlerPatternShort>
    <ExceptionName IsNull="False">
    </ExceptionName>
    <PredefinedRule Inspect="True" Prefix="" Suffix="" Style="aaBb" ElementKind="Locals" />
    <PredefinedRule Inspect="True" Prefix="" Suffix="" Style="aaBb" ElementKind="Parameters" />
    <PredefinedRule Inspect="True" Prefix="" Suffix="" Style="AaBb" ElementKind="TypesAndNamespaces" />
    <PredefinedRule Inspect="True" Prefix="I" Suffix="" Style="AaBb" ElementKind="Interfaces" />
    <PredefinedRule Inspect="True" Prefix="T" Suffix="" Style="AaBb" ElementKind="TypeParameters" />
    <PredefinedRule Inspect="True" Prefix="" Suffix="" Style="AaBb" ElementKind="MethodPropertyEvent" />
    <PredefinedRule Inspect="True" Prefix="" Suffix="" Style="aaBb" ElementKind="LocalConstants" />
    <PredefinedRule Inspect="True" Prefix="" Suffix="" Style="AaBb" ElementKind="PublicFields" />
    <PredefinedRule Inspect="True" Prefix="" Suffix="" Style="AaBb" ElementKind="Constants" />
    <PredefinedRule Inspect="True" Prefix="" Suffix="" Style="AaBb" ElementKind="StaticReadonly" />
    <PredefinedRule Inspect="True" Prefix="" Suffix="" Style="AaBb" ElementKind="EnumMember" />
    <PredefinedRule Inspect="True" Prefix="" Suffix="" Style="AaBb" ElementKind="Other" />
    <PredefinedRule Inspect="True" Prefix="" Suffix="" Style="aaBb" ElementKind="PrivateInstanceFields" />
    <PredefinedRule Inspect="True" Prefix="" Suffix="" Style="aaBb" ElementKind="PrivateStaticFields" />
    <PredefinedRule Inspect="True" Prefix="" Suffix="" Style="AaBb" ElementKind="PrivateConstants" />
    <PredefinedRule Inspect="True" Prefix="" Suffix="" Style="AaBb" ElementKind="PrivateStaticReadonly" />
  </Naming2>
</CodeStyleSettings>